emailzooitje
"Aalst, R.R. van (PVV) <r.vaalst@tweedekamer.nl>"
"Aartsen, A.A.  (VVD) <t.aartsen@tweedekamer.nl>"
"Agema, M.  (PVV) <m.agema@tweedekamer.nl>"
"Alkaya, M.Ö.  (SP) <m.alkaya@tweedekamer.nl>"
"Amhaouch, M.  (CDA) <m.amhaouch@tweedekamer.nl>"
"Arib, K.  (PvdA) <k.arib@tweedekamer.nl>"
"Asscher, L.F.  (PvdA) <l.asscher@tweedekamer.nl>"
"Azarkan, F.  (DENK) <f.azarkan@tweedekamer.nl>"
"Azmani, M.  (VVD) <m.azmani@tweedekamer.nl>"
"Baudet, T.H.P.  (FvD) <t.baudet@tweedekamer.nl>"
"Becker, B.  (VVD) <b.becker@tweedekamer.nl>"
"Beckerman, S.M.  (SP) <s.beckerman@tweedekamer.nl>"
"Beertema, H.J.  (PVV) <h.beertema@tweedekamer.nl>"
"Belhaj, S.  (D66) <s.belhaj@tweedekamer.nl>"
"Berg, J.A.M.J. van den (CDA) <j.vdberg@tweedekamer.nl>"
"Bergkamp, V.A.  (D66) <v.bergkamp@tweedekamer.nl>"
"Bisschop, R.  (SGP) <r.bisschop@tweedekamer.nl>"
"Boer, M.G.W. den (D66) <m.dboer@tweedekamer.nl>"
"Bosch, A. van den (VVD) <a.vdbosch@tweedekamer.nl>"
"Bosma, M.  (PVV) <M.Bosma@tweedekamer.nl>"
"Bosman, A.  (VVD) <a.bosman@tweedekamer.nl>"
"Bouali, A.  (D66) <a.bouali@tweedekamer.nl>"
"Brenk, C.M. van (50PLUS) <c.vbrenk@tweedekamer.nl>"
"Bromet, L.  (GL) <l.bromet@tweedekamer.nl>"
"Bruins, E.E.W.  (CU) <e.bruins@tweedekamer.nl>"
"Bruins Slot, H.G.J.  (CDA) <h.bruinsslot@tweedekamer.nl>"
"Buitenweg, K.M.  (GL) <K.buitenweg@tweedekamer.nl>"
"Dam, C.J.L. van (CDA) <C.vDam@tweedekamer.nl>"
"Diertens, A.E.  (D66) <a.diertens@tweedekamer.nl>"
"Dijck, A.P.C. van (PVV) <t.vdijck@tweedekamer.nl>"
"Dijk, E. van (PVV) <GEEN EMAIL GEVONDEN>"
"Dijk, G.J. van (PvdA) <g.vdijk@tweedekamer.nl>"
"Dijk, J.J. van (SP) <jasper.vdijk@tweedekamer.nl>"
"Dijkhoff, K.H.D.M.  (VVD) <k.dijkhoff@tweedekamer.nl>"
"Dijkstra, P.A.  (D66) <p.dijkstra@tweedekamer.nl>"
"Dijkstra, R.J.  (VVD) <r.dijkstra@tweedekamer.nl>"
"Dik-Faber, R.K.  (CU) <c.dik@tweedekamer.nl>"
"Diks, L.I.  (GL) <i.diks@tweedekamer.nl>"
"Eijs, J.M. van (D66) <j.veijs@tweedekamer.nl>"
"El Yassini, Z.  (VVD) <z.elyassini@tweedekamer.nl>"
"Ellemeet, C.E.  (GL) <c.ellemeet@tweedekamer.nl>"
"Fritsma, S.R.  (PVV) <s.fritsma@tweedekamer.nl>"
"Futselaar, F.W.  (SP) <f.futselaar@tweedekamer.nl>"
"Geleijnse, S.  (50PLUS) <GEEN EMAIL GEVONDEN>"
"Geluk-Poortvliet, L.W.D.  (CDA) <l.geluk-poortvliet@tweedekamer.nl>"
"Gent, T. van (VVD) <t.vgent@tweedekamer.nl>"
"Gerven, H.P.J. van (SP) <h.vgerven@tweedekamer.nl>"
"Geurts, J.L.  (CDA) <j.geurts@tweedekamer.nl>"
"Graaf, M. de (PVV) <m.dgraaf@tweedekamer.nl>"
"Graaf, S.J.F. van der (CU) <s.vandergraaf@tweedekamer.nl>"
"Graus, D.J.G.  (PVV) <d.graus@tweedekamer.nl>"
"Groot, T.C. de (D66) <t.dgroot@tweedekamer.nl>"
"Groothuizen, M.  (D66) <m.groothuizen@tweedekamer.nl>"
"Haersma Buma, S. van (CDA) <S.Buma@tweedekamer.nl>"
"Haga, W.R. van (VVD) <w.vhaga@tweedekamer.nl>"
"Heerema, R.J.  (VVD) <r.heerema@tweedekamer.nl>"
"Heerma, P.E.  (CDA) <P.Heerma@tweedekamer.nl>"
"Helder, L.M.J.S.  (PVV) <l.helder@tweedekamer.nl>"
"Helvert, M.J.F. van (CDA) <m.vhelvert@tweedekamer.nl>"
"Hermans, S.T.M.  (VVD) <s.hermans@tweedekamer.nl>"
"Hiddema, T.U.  (FvD) <t.hiddema@tweedekamer.nl>"
"Hijink, H.P.M.  (SP) <m.hijink@tweedekamer.nl>"
"Hul, K.A.E. van den (PvdA) <k.vdhul@tweedekamer.nl>"
"Jetten, R.A.A.  (D66) <r.jetten@tweedekamer.nl>"
"Jong, L.W.E. de (PVV) <Leondejong@tweedekamer.nl>"
"Karabulut, S.  (SP) <skarabulut@sp.nl>"
"Kent, B. van (SP) <b.vkent@tweedekamer.nl>"
"Kerstens, J.W.M.  (PvdA) <j.kerstens@tweedekamer.nl>"
"Klaver, J.F.  (GL) <j.klaver@tweedekamer.nl>"
"Koerhuis, D.A.N.  (VVD) <d.koerhuis@tweedekamer.nl>"
"Koopmans, S.M.G.  (VVD) <s.koopmans@tweedekamer.nl>"
"Kooten-Arissen, F.M. van (PvdD) <femkemerelvankooten@tweedekamer.nl>"
"Kops, A.  (PVV) <a.kops@tweedekamer.nl>"
"Kröger, S.C.  (GL) <s.kroger@tweedekamer.nl>"
"Krol, H.C.M.  (50PLUS) <h.krol@tweedekamer.nl>"
"Kuik, A.  (CDA) <a.kuik@tweedekamer.nl>"
"Kuiken, A.H.  (PvdA) <a.kuiken@tweedekamer.nl>"
"Kuzu, T.  (DENK) <t.kuzu@tweedekamer.nl>"
"Kwint, J.P.  (SP) <p.kwint@tweedekamer.nl>"
"Laan-Geselschap, A.J.M.  (VVD) <a.laan@tweedekamer.nl>"
"Laçin, C.  (SP) <c.lacin@tweedekamer.nl>"
"Lange, L.A. de (VVD) <l.dlange@tweedekamer.nl>"
"Lee, T.M.T. van der (GL) <t.vdlee@tweedekamer.nl>"
"Leijten, R.M.  (SP) <r.leijten@tweedekamer.nl>"
"Linde, R.E. van der (VVD) <r.vdlinde@tweedekamer.nl>"
"Lodders, W.J.H.  (VVD) <h.lodders@tweedekamer.nl>"
"Madlener, B.  (PVV) <b.madlener@tweedekamer.nl>"
"Maeijer, V.  (PVV) <v.maeijer@tweedekamer.nl>"
"Marijnissen, L.M.C.  (SP) <lilianmarijnissen@sp.nl>"
"Markuszower, G.  (PVV) <g.markuszower@tweedekamer.nl>"
"Martels, M.R.H.M. von (CDA) <m.vmartels@tweedekamer.nl>"
"Meenen, P.H. van (D66) <p.vmeenen@tweedekamer.nl>"
"Middendorp, J.  (VVD) <secretariaat.middendorp@tweedekamer.nl>"
"Molen, H. van der (CDA) <h.vdmolen@tweedekamer.nl>"
"Moorlag, W.J.  (PvdA) <w.moorlag@tweedekamer.nl>"
"Mulder, A.  (VVD) <anne.mulder@tweedekamer.nl>"
"Mulder, A.H.  (CDA) <agnes.mulder@tweedekamer.nl>"
"Mulder, E.  (PVV) <edgar.mulder@tweedekamer.nl>"
"Nijboer, H.  (PvdA) <h.nijboer@tweedekamer.nl>"
"Nijkerken-de Haan, C.N.A.  (VVD) <C.Nijkerken@tweedekamer.nl>"
"Nispen, M. van (SP) <m.vnispen@tweedekamer.nl>"
"Ojik, A. van (GL) <a.vojik@tweedekamer.nl>"
"Omtzigt, P.H.  (CDA) <pieter.omtzigt@tweedekamer.nl>"
"Oosten, F. van (VVD) <f.voosten@tweedekamer.nl>"
"Ouwehand, E.  (PvdD) <esther.ouwehand@tweedekamer.nl>"
"Özdil, Z.  (GL) <z.ozdil@tweedekamer.nl>"
"Öztürk, S.  (DENK) <s.ozturk@tweedekamer.nl>"
"Özütok, N.  (GL) <n.ozutok@tweedekamer.nl>"
"Paternotte, J.M.  (D66) <j.paternotte@tweedekamer.nl>"
"Peters, W.P.H.J.  (CDA) <r.peters@tweedekamer.nl>"
"Ploumen, E.M.J.  (PvdA) <l.ploumen@tweedekamer.nl>"
"Popken, G.J.F.  (PVV) <g.popken@tweedekamer.nl>"
"Raak, A.A.G.M. van (SP) <rvraak@sp.nl>"
"Raan, L. van (PvdD) <Lammert.vanraan@tweedekamer.nl>"
"Raemakers, R.  (D66) <r.raemakers@tweedekamer.nl>"
"Renkema, W.J.T.  (GL) <w.renkema@tweedekamer.nl>"
"Rog, M.R.J.  (CDA) <m.rog@tweedekamer.nl>"
"Ronnes, H.A.G.  (CDA) <E.Ronnes@Tweedekamer.nl>"
"Rooijen, M.J. van (50PLUS) <m.vrooijen@tweedekamer.nl>"
"Roon, R. de (PVV) <r.deroon@tweedekamer.nl>"
"Rutte, A.C.L.  (VVD) <a.rutte@tweedekamer.nl>"
"Schonis, R.A.J.  (D66) <r.schonis@tweedekamer.nl>"
"Segers, G.J.M.  (CU) <g.segers@tweedekamer.nl>"
"Sienot, M.F.  (D66) <m.sienot@tweedekamer.nl>"
"Sjoerdsma, S.W.  (D66) <s.sjoerdsma@tweedekamer.nl>"
"Slootweg, E.J.  (CDA) <e.slootweg@tweedekamer.nl>"
"Smeulders, P.H.M.  (GL) <GEEN EMAIL GEVONDEN>"
"Sneller, J.C.  (D66) <j.sneller@tweedekamer.nl>"
"Snels, B.A.W.  (GL) <b.snels@tweedekamer.nl>"
"Staaij, C.G. van der (SGP) <C.vdStaaij@tweedekamer.nl>"
"Stoffer, C.  (SGP) <c.stoffer@tweedekamer.nl>"
"Tellegen, O.C.  (VVD) <Secretariaat.Tellegen@tweedekamer.nl>"
"Thieme, M.L.  (PvdD) <marianne.thieme@tweedekamer.nl>"
"Tielen, J.Z.C.M.  (VVD) <j.tielen@tweedekamer.nl>"
"Toorenburg, M.M. van (CDA) <m.vtoorenburg@tweedekamer.nl>"
"Veldman, H.S.  (VVD) <h.veldman@tweedekamer.nl>"
"Verhoeven, K.  (D66) <k.verhoeven@tweedekamer.nl>"
"Voordewind, J.S.  (CU) <j.voordewind@tweedekamer.nl>"
"Vries, A. de (VVD) <aukjedevries@tweedekamer.nl>"
"Wassenberg, F.P.  (PvdD) <Frank.wassenberg@tweedekamer.nl>"
"Weerdenburg, V.D.D. van (PVV) <d.vanweerdenburg@tweedekamer.nl>"
"Westerveld, E.M.  (GL) <l.westerveld@tweedekamer.nl>"
"Weverling, A.  (VVD) <a.weverling@tweedekamer.nl>"
"Weyenberg, S.P.R.A. van (D66) <s.vweyenberg@tweedekamer.nl>"
"Wiersma, A.D.  (VVD) <d.wiersma@tweedekamer.nl>"
"Wilders, G.  (PVV) <g.wilders@tweedekamer.nl>"
"Wörsdörfer, M.  (VVD) <m.worsdorfer@tweedekamer.nl>"
"Wout, B. van 't (VVD) <b.vtwout@tweedekamer.nl>"
"Yeşilgöz-Zegerius, D.  (VVD) <d.yesilgoz@tweedekamer.nl>"
"Ziengs, E.  (VVD) <e.ziengs@tweedekamer.nl>"
"Boss, Martin (TECH) <boss.martin@gmail.com>"
"Good, Mullet (HR) <good.mullet@hotmail.com>"
"Gentle, Llama (HR) <gentle.llama@maastrichtuniversity.nl>"
"Neat, Corgi (TECH) <neat.corgi@zuyd.nl>"
"Star, Mantis (MOONSHOTS) <star.mantis@gmail.com>"
"Trusty, Boar (HR) <trusty.boar@hotmail.com>"
"Wired, Fish (MOONSHOTS) <wired.fish@hotmail.com>"
"Unique, Skink (TECH) <unique.skink@maastrichtuniversity.nl>"
"Model, Mammal (TECH) <model.mammal@gmail.com>"
"Happy, Minnow (MOONSHOTS) <happy.minnow@hotmail.com>"
"Flying, Gibbon (FINANCE) <flying.gibbon@gmail.com>"
"Brief, Flea (HR) <brief.flea@yahoo.com>"
"Usable, Worm (HR) <usable.worm@gmail.com>"
"Better, Owl (HR) <better.owl@gmail.com>"
"Enough, Cat (FINANCE) <enough.cat@maastrichtuniversity.nl>"
"Well, Satyr (HR) <well.satyr@gmail.com>"
"Fine, Teal (FINANCE) <fine.teal@gmail.com>"
"Actual, Bear (MOONSHOTS) <actual.bear@gmail.com>"
"Still, Ghost (FINANCE) <still.ghost@hotmail.com>"
"Cuddly, Impala (HR) <cuddly.impala@zuyd.nl>"
"Mutual, Skunk (TECH) <mutual.skunk@yahoo.com>"
"Worthy, Dodo (HR) <worthy.dodo@gmail.com>"
"Proven, Teal (TECH) <proven.teal@hotmail.com>"
"Fair, Cub (HR) <fair.cub@yahoo.com>"
"Helped, Mayfly (TECH) <helped.mayfly@hotmail.com>"
"Civil, Badger (FINANCE) <civil.badger@gmail.com>"
"Fit, Martin (TECH) <fit.martin@hotmail.com>"
"Fresh, Koala (FINANCE) <fresh.koala@maastrichtuniversity.nl>"
"Unique, Chow (HR) <unique.chow@gmail.com>"
"Golden, Skink (HR) <golden.skink@hotmail.com>"
"Amazed, Dane (FINANCE) <amazed.dane@gmail.com>"
"Choice, Gar (TECH) <choice.gar@zuyd.nl>"
"Direct, Swine (HR) <direct.swine@maastrichtuniversity.nl>"
"Saved, Zebra (TECH) <saved.zebra@maastrichtuniversity.nl>"
"Proper, Gibbon (HR) <proper.gibbon@maastrichtuniversity.nl>"
"In, Gnat (MOONSHOTS) <in.gnat@maastrichtuniversity.nl>"
"Aware, Perch (TECH) <aware.perch@gmail.com>"
"Proven, Bengal (FINANCE) <proven.bengal@yahoo.com>"
"Legal, Possum (HR) <legal.possum@maastrichtuniversity.nl>"
"Finer, Goat (TECH) <finer.goat@maastrichtuniversity.nl>"
"Sweet, Mammal (FINANCE) <sweet.mammal@hotmail.com>"
"Vocal, Dove (HR) <vocal.dove@hotmail.com>"
"Easy, Toucan (TECH) <easy.toucan@maastrichtuniversity.nl>"
"Equal, Maggot (FINANCE) <equal.maggot@maastrichtuniversity.nl>"
"Rich, Akita (FINANCE) <rich.akita@gmail.com>"
"Top, Eel (MOONSHOTS) <top.eel@yahoo.com>"
"Above, Badger (TECH) <above.badger@hotmail.com>"
"First, Squid (TECH) <first.squid@hotmail.com>"
"Noble, Cod (FINANCE) <noble.cod@hotmail.com>"
"Heroic, Oyster (HR) <heroic.oyster@maastrichtuniversity.nl>"
"Ready, Alien (TECH) <ready.alien@gmail.com>"
"Pretty, Pup (HR) <pretty.pup@maastrichtuniversity.nl>"
"Major, Kiwi (FINANCE) <major.kiwi@maastrichtuniversity.nl>"
"Wanted, Rat (HR) <wanted.rat@maastrichtuniversity.nl>"
"Direct, Toucan (FINANCE) <direct.toucan@maastrichtuniversity.nl>"
"Big, Colt (HR) <big.colt@zuyd.nl>"
"Actual, Cattle (HR) <actual.cattle@gmail.com>"
"Fluent, Horse (FINANCE) <fluent.horse@gmail.com>"
"Giving, Lark (TECH) <giving.lark@hotmail.com>"
"Epic, Filly (TECH) <epic.filly@hotmail.com>"
"Rare, Guppy (TECH) <rare.guppy@gmail.com>"
"Upward, Wasp (HR) <upward.wasp@zuyd.nl>"
"Smooth, Grouse (MOONSHOTS) <smooth.grouse@gmail.com>"
"Pure, Beetle (HR) <pure.beetle@hotmail.com>"
"Glad, Toad (FINANCE) <glad.toad@gmail.com>"
"Suited, Asp (HR) <suited.asp@maastrichtuniversity.nl>"
"Living, Serval (FINANCE) <living.serval@gmail.com>"
"Smart, Tapir (HR) <smart.tapir@gmail.com>"
"Picked, Poodle (HR) <picked.poodle@hotmail.com>"
"Humble, Seal (FINANCE) <humble.seal@gmail.com>"
"Dear, Frog (HR) <dear.frog@gmail.com>"
"Guided, Llama (HR) <guided.llama@maastrichtuniversity.nl>"
"Well, Rabbit (TECH) <well.rabbit@gmail.com>"
"Humane, Camel (HR) <humane.camel@maastrichtuniversity.nl>"
"Cool, Leech (TECH) <cool.leech@zuyd.nl>"
"Still, Perch (MOONSHOTS) <still.perch@gmail.com>"
"Meet, Owl (TECH) <meet.owl@gmail.com>"
"Unique, Mite (TECH) <unique.mite@gmail.com>"
"Sought, Camel (FINANCE) <sought.camel@zuyd.nl>"
"Ace, Hermit (TECH) <ace.hermit@gmail.com>"
"Good, Lion (FINANCE) <good.lion@hotmail.com>"
"New, Lab (FINANCE) <new.lab@gmail.com>"
"Honest, Egret (FINANCE) <honest.egret@maastrichtuniversity.nl>"
"Select, Akita (FINANCE) <select.akita@gmail.com>"
"Valued, Lizard (HR) <valued.lizard@gmail.com>"
"Awake, Iguana (TECH) <awake.iguana@yahoo.com>"
"Robust, Amoeba (TECH) <robust.amoeba@gmail.com>"
"Poetic, Civet (TECH) <poetic.civet@gmail.com>"
"Useful, Baboon (HR) <useful.baboon@hotmail.com>"
"Mighty, Alien (MOONSHOTS) <mighty.alien@gmail.com>"
"Just, Deer (MOONSHOTS) <just.deer@hotmail.com>"
"Apt, Mouse (TECH) <apt.mouse@hotmail.com>"
"Prime, Hippo (HR) <prime.hippo@maastrichtuniversity.nl>"
"Proud, Bison (TECH) <proud.bison@hotmail.com>"
"Heroic, Dog (FINANCE) <heroic.dog@zuyd.nl>"
"Alert, Elk (HR) <alert.elk@maastrichtuniversity.nl>"
"Moved, Coral (TECH) <moved.coral@gmail.com>"
"Eager, Ferret (HR) <eager.ferret@maastrichtuniversity.nl>"
"Steady, Python (FINANCE) <steady.python@gmail.com>"
"Amused, Lamb (FINANCE) <amused.lamb@gmail.com>"
"Cool, Wombat (TECH) <cool.wombat@maastrichtuniversity.nl>"
"Grown, Ray (MOONSHOTS) <grown.ray@hotmail.com>"
"Cool, Adder (HR) <cool.adder@gmail.com>"
"Aware, Crow (TECH) <aware.crow@yahoo.com>"
"Witty, Drum (HR) <witty.drum@maastrichtuniversity.nl>"
"Finer, Coyote (TECH) <finer.coyote@zuyd.nl>"
"Real, Swan (HR) <real.swan@hotmail.com>"
"Proven, Cattle (TECH) <proven.cattle@hotmail.com>"
"Civil, Slug (TECH) <civil.slug@maastrichtuniversity.nl>"
"Many, Doe (TECH) <many.doe@gmail.com>"
"Proper, Slug (HR) <proper.slug@gmail.com>"
"Large, Tomcat (HR) <large.tomcat@hotmail.com>"
"Up, Krill (FINANCE) <up.krill@hotmail.com>"
"Brief, Skink (HR) <brief.skink@hotmail.com>"
"Crisp, Leech (HR) <crisp.leech@maastrichtuniversity.nl>"
"Close, Locust (FINANCE) <close.locust@hotmail.com>"
"Proven, Yak (TECH) <proven.yak@yahoo.com>"
"Simple, Eel (FINANCE) <simple.eel@gmail.com>"
"Fleet, Hornet (MOONSHOTS) <fleet.hornet@gmail.com>"
"Exotic, Mole (TECH) <exotic.mole@gmail.com>"
"Tops, Bug (TECH) <tops.bug@hotmail.com>"
"Saved, Oriole (FINANCE) <saved.oriole@maastrichtuniversity.nl>"
"Brave, Cow (HR) <brave.cow@hotmail.com>"
"Nearby, Clam (HR) <nearby.clam@maastrichtuniversity.nl>"
"Epic, Turtle (HR) <epic.turtle@gmail.com>"
"Saved, Monkey (FINANCE) <saved.monkey@hotmail.com>"
"Tender, Boxer (HR) <tender.boxer@hotmail.com>"
"Wise, Collie (TECH) <wise.collie@gmail.com>"
"More, Salmon (MOONSHOTS) <more.salmon@hotmail.com>"
"Alert, Mammal (HR) <alert.mammal@zuyd.nl>"
"Neat, Drum (TECH) <neat.drum@gmail.com>"
"Holy, Crane (HR) <holy.crane@gmail.com>"
"Usable, Finch (HR) <usable.finch@yahoo.com>"
"United, Mayfly (HR) <united.mayfly@gmail.com>"
"Modest, Condor (TECH) <modest.condor@gmail.com>"
"Simple, Rodent (TECH) <simple.rodent@gmail.com>"
"Mint, Drake (TECH) <mint.drake@maastrichtuniversity.nl>"
"Smooth, Alien (HR) <smooth.alien@hotmail.com>"
"One, Pig (FINANCE) <one.pig@gmail.com>"
"Amused, Fox (FINANCE) <amused.fox@gmail.com>"
"Robust, Dove (MOONSHOTS) <robust.dove@gmail.com>"
"Robust, Lark (HR) <robust.lark@yahoo.com>"
"Large, Lion (HR) <large.lion@zuyd.nl>"
"Apt, Rodent (HR) <apt.rodent@gmail.com>"
"Pretty, Walrus (TECH) <pretty.walrus@hotmail.com>"
"Golden, Llama (HR) <golden.llama@yahoo.com>"
"Master, Tetra (FINANCE) <master.tetra@gmail.com>"
"Loyal, Maggot (FINANCE) <loyal.maggot@yahoo.com>"
"Ace, Coral (FINANCE) <ace.coral@zuyd.nl>"
"Humble, Pigeon (FINANCE) <humble.pigeon@gmail.com>"
"Rested, Rat (HR) <rested.rat@gmail.com>"
"Big, Racer (HR) <big.racer@gmail.com>"
"Known, Flea (HR) <known.flea@yahoo.com>"
"Top, Quagga (FINANCE) <top.quagga@zuyd.nl>"
"Ideal, Snipe (HR) <ideal.snipe@yahoo.com>"
"Rested, Mantis (HR) <rested.mantis@gmail.com>"
"Aware, Eagle (TECH) <aware.eagle@gmail.com>"
"Real, Beetle (HR) <real.beetle@hotmail.com>"
"Noble, Satyr (FINANCE) <noble.satyr@maastrichtuniversity.nl>"
"Saving, Lark (FINANCE) <saving.lark@maastrichtuniversity.nl>"
"Large, Fawn (MOONSHOTS) <large.fawn@gmail.com>"
"Great, Locust (HR) <great.locust@gmail.com>"
"Light, Akita (HR) <light.akita@maastrichtuniversity.nl>"
"Heroic, Asp (FINANCE) <heroic.asp@gmail.com>"
"Mighty, Cod (TECH) <mighty.cod@gmail.com>"
"Bright, Quagga (TECH) <bright.quagga@maastrichtuniversity.nl>"
"Mutual, Man (FINANCE) <mutual.man@gmail.com>"
"Meet, Amoeba (HR) <meet.amoeba@hotmail.com>"
"Tight, Jaguar (HR) <tight.jaguar@yahoo.com>"
"Fast, Bedbug (TECH) <fast.bedbug@hotmail.com>"
"Direct, Koala (HR) <direct.koala@hotmail.com>"
"Trusty, Bug (FINANCE) <trusty.bug@gmail.com>"
"Clever, Cow (HR) <clever.cow@hotmail.com>"
"Fresh, Locust (HR) <fresh.locust@hotmail.com>"
"Ruling, Teal (MOONSHOTS) <ruling.teal@hotmail.com>"
"Wise, Guppy (TECH) <wise.guppy@gmail.com>"
"Hot, Toucan (TECH) <hot.toucan@hotmail.com>"
"Safe, Gar (TECH) <safe.gar@hotmail.com>"
"Modern, Collie (HR) <modern.collie@zuyd.nl>"
"Poetic, Oryx (HR) <poetic.oryx@maastrichtuniversity.nl>"
"Comic, Tomcat (TECH) <comic.tomcat@hotmail.com>"
"Tops, Pup (HR) <tops.pup@gmail.com>"
"Noble, Osprey (TECH) <noble.osprey@yahoo.com>"
"Active, Bream (FINANCE) <active.bream@maastrichtuniversity.nl>"
"Legal, Eft (HR) <legal.eft@hotmail.com>"
"Loving, Grouse (HR) <loving.grouse@maastrichtuniversity.nl>"
"Many, Teal (MOONSHOTS) <many.teal@gmail.com>"
"Living, Wren (HR) <living.wren@zuyd.nl>"
"Modern, Doe (HR) <modern.doe@maastrichtuniversity.nl>"
"Fair, Eel (HR) <fair.eel@maastrichtuniversity.nl>"
"Golden, Raven (HR) <golden.raven@gmail.com>"
"Aware, Bison (HR) <aware.bison@hotmail.com>"
"Just, Tick (FINANCE) <just.tick@maastrichtuniversity.nl>"
"Alert, Dove (MOONSHOTS) <alert.dove@gmail.com>"
"Fun, Corgi (FINANCE) <fun.corgi@maastrichtuniversity.nl>"
"Secure, Colt (HR) <secure.colt@zuyd.nl>"
"Square, Koala (TECH) <square.koala@zuyd.nl>"
"Ruling, Sponge (FINANCE) <ruling.sponge@gmail.com>"
"Fleet, Crow (HR) <fleet.crow@maastrichtuniversity.nl>"
"Square, Slug (FINANCE) <square.slug@maastrichtuniversity.nl>"
"Mighty, Martin (TECH) <mighty.martin@hotmail.com>"
"Moved, Man (FINANCE) <moved.man@gmail.com>"
"Pure, Kitten (HR) <pure.kitten@gmail.com>"
"Wise, Gibbon (TECH) <wise.gibbon@maastrichtuniversity.nl>"
"Valid, Koala (TECH) <valid.koala@gmail.com>"
"Apt, Kiwi (HR) <apt.kiwi@hotmail.com>"
"Chief, Doe (TECH) <chief.doe@zuyd.nl>"
"Solid, Skunk (TECH) <solid.skunk@maastrichtuniversity.nl>"
"Legal, Wolf (FINANCE) <legal.wolf@hotmail.com>"
"Real, Fly (TECH) <real.fly@hotmail.com>"
"Tender, Cow (FINANCE) <tender.cow@yahoo.com>"
"Up, Doe (HR) <up.doe@gmail.com>"
"Set, Iguana (FINANCE) <set.iguana@gmail.com>"
"Master, Ram (HR) <master.ram@hotmail.com>"
"On, Shark (TECH) <on.shark@zuyd.nl>"
"Cosmic, Shrimp (FINANCE) <cosmic.shrimp@maastrichtuniversity.nl>"
"Upward, Newt (TECH) <upward.newt@gmail.com>"
"Above, Elk (TECH) <above.elk@gmail.com>"
"United, Moth (FINANCE) <united.moth@hotmail.com>"
"Clear, Stork (TECH) <clear.stork@gmail.com>"
"Tender, Mule (HR) <tender.mule@yahoo.com>"
"Proud, Dove (TECH) <proud.dove@hotmail.com>"
"Immune, Egret (TECH) <immune.egret@zuyd.nl>"
"Finer, Finch (TECH) <finer.finch@maastrichtuniversity.nl>"
"Golden, Yak (HR) <golden.yak@yahoo.com>"
"Rare, Hound (HR) <rare.hound@hotmail.com>"
"Loyal, Toad (HR) <loyal.toad@gmail.com>"
"Usable, Tiger (TECH) <usable.tiger@gmail.com>"
"Clear, Alien (HR) <clear.alien@yahoo.com>"
"One, Boar (HR) <one.boar@zuyd.nl>"
"Sought, Heron (HR) <sought.heron@gmail.com>"
"Great, Viper (TECH) <great.viper@gmail.com>"
"United, Crane (HR) <united.crane@gmail.com>"
"Light, Dory (MOONSHOTS) <light.dory@maastrichtuniversity.nl>"
"Main, Gnu (FINANCE) <main.gnu@zuyd.nl>"
"Vital, Gator (HR) <vital.gator@hotmail.com>"
"Vocal, Trout (FINANCE) <vocal.trout@gmail.com>"
"Tough, Magpie (FINANCE) <tough.magpie@gmail.com>"
"Choice, Bison (TECH) <choice.bison@gmail.com>"
"Eager, Dory (TECH) <eager.dory@hotmail.com>"
"Suited, Cod (FINANCE) <suited.cod@yahoo.com>"
"Ace, Ocelot (TECH) <ace.ocelot@maastrichtuniversity.nl>"
"Steady, Mink (FINANCE) <steady.mink@hotmail.com>"
"One, Cub (HR) <one.cub@maastrichtuniversity.nl>"
"Alert, Puma (TECH) <alert.puma@gmail.com>"
"Strong, Squid (TECH) <strong.squid@gmail.com>"
"Merry, Shiner (TECH) <merry.shiner@maastrichtuniversity.nl>"
"Living, Shark (TECH) <living.shark@hotmail.com>"
"Strong, Sloth (FINANCE) <strong.sloth@gmail.com>"
"Proud, Python (HR) <proud.python@maastrichtuniversity.nl>"
"Suited, Drake (HR) <suited.drake@maastrichtuniversity.nl>"
"Many, Gopher (MOONSHOTS) <many.gopher@maastrichtuniversity.nl>"
"True, Civet (HR) <true.civet@maastrichtuniversity.nl>"
"In, Alien (HR) <in.alien@gmail.com>"
"Decent, Cat (TECH) <decent.cat@hotmail.com>"
"Golden, Walrus (FINANCE) <golden.walrus@maastrichtuniversity.nl>"
"New, Imp (HR) <new.imp@maastrichtuniversity.nl>"
"Safe, Hermit (HR) <safe.hermit@gmail.com>"
"Actual, Mite (TECH) <actual.mite@zuyd.nl>"
"Saved, Sawfly (FINANCE) <saved.sawfly@hotmail.com>"
"Pure, Mantis (FINANCE) <pure.mantis@yahoo.com>"
"Modest, Lark (HR) <modest.lark@hotmail.com>"
"Mature, Tiger (TECH) <mature.tiger@hotmail.com>"
"Bold, Dingo (HR) <bold.dingo@gmail.com>"
"Wise, Rabbit (FINANCE) <wise.rabbit@zuyd.nl>"
"Sweet, Elk (MOONSHOTS) <sweet.elk@maastrichtuniversity.nl>"
"Polite, Molly (HR) <polite.molly@maastrichtuniversity.nl>"
"Saved, Dory (TECH) <saved.dory@maastrichtuniversity.nl>"
"Awake, Viper (TECH) <awake.viper@zuyd.nl>"
"Aware, Lynx (TECH) <aware.lynx@hotmail.com>"
"Valid, Hermit (TECH) <valid.hermit@maastrichtuniversity.nl>"
"In, Squid (FINANCE) <in.squid@zuyd.nl>"
"Comic, Bengal (HR) <comic.bengal@zuyd.nl>"
"Finer, Gopher (FINANCE) <finer.gopher@zuyd.nl>"
"Worthy, Gecko (TECH) <worthy.gecko@yahoo.com>"
"Polite, Urchin (TECH) <polite.urchin@hotmail.com>"
"Usable, Trout (FINANCE) <usable.trout@hotmail.com>"
"Sound, Prawn (HR) <sound.prawn@maastrichtuniversity.nl>"
"Game, Glider (TECH) <game.glider@zuyd.nl>"
"Proud, Gull (HR) <proud.gull@maastrichtuniversity.nl>"
"Moving, Crow (FINANCE) <moving.crow@hotmail.com>"
"Crack, Wolf (HR) <crack.wolf@maastrichtuniversity.nl>"
"Novel, Alien (TECH) <novel.alien@maastrichtuniversity.nl>"
"True, Dragon (HR) <true.dragon@maastrichtuniversity.nl>"
"Prime, Pika (MOONSHOTS) <prime.pika@zuyd.nl>"
"Caring, Pup (TECH) <caring.pup@maastrichtuniversity.nl>"
"Wise, Condor (HR) <wise.condor@zuyd.nl>"
"Expert, Tuna (FINANCE) <expert.tuna@zuyd.nl>"
"Firm, Sheep (HR) <firm.sheep@gmail.com>"
"Right, Joey (HR) <right.joey@hotmail.com>"
"Brave, Tomcat (TECH) <brave.tomcat@gmail.com>"
"Mighty, Salmon (HR) <mighty.salmon@maastrichtuniversity.nl>"
"Nice, Bear (TECH) <nice.bear@maastrichtuniversity.nl>"
"Key, Marten (FINANCE) <key.marten@gmail.com>"
"Kind, Guinea (TECH) <kind.guinea@hotmail.com>"
"Expert, Skunk (FINANCE) <expert.skunk@gmail.com>"
"Usable, Shiner (FINANCE) <usable.shiner@gmail.com>"
"Loved, Jennet (TECH) <loved.jennet@gmail.com>"
"Noted, Alpaca (HR) <noted.alpaca@hotmail.com>"
"Vast, Seal (TECH) <vast.seal@gmail.com>"
"Causal, Mullet (TECH) <causal.mullet@zuyd.nl>"
"Smart, Quagga (TECH) <smart.quagga@gmail.com>"
"Firm, Yeti (HR) <firm.yeti@zuyd.nl>"
"Usable, Slug (TECH) <usable.slug@maastrichtuniversity.nl>"
"Gentle, Tarpon (HR) <gentle.tarpon@hotmail.com>"
"Civil, Dog (HR) <civil.dog@zuyd.nl>"
"Casual, Quail (HR) <casual.quail@yahoo.com>"
"Proper, Joey (TECH) <proper.joey@hotmail.com>"
"Ready, Oryx (HR) <ready.oryx@zuyd.nl>"
"Noted, Grouse (HR) <noted.grouse@maastrichtuniversity.nl>"
"Whole, Insect (TECH) <whole.insect@gmail.com>"
"Fit, Dragon (TECH) <fit.dragon@maastrichtuniversity.nl>"
"Alert, Drake (TECH) <alert.drake@gmail.com>"
"Open, Bison (HR) <open.bison@hotmail.com>"
"Master, Bengal (HR) <master.bengal@gmail.com>"
"Decent, Weevil (HR) <decent.weevil@maastrichtuniversity.nl>"
"Top, Gannet (HR) <top.gannet@gmail.com>"
"Hip, Bee (TECH) <hip.bee@zuyd.nl>"
"Whole, Goose (MOONSHOTS) <whole.goose@gmail.com>"
"Vital, Owl (TECH) <vital.owl@zuyd.nl>"
"Vast, Earwig (FINANCE) <vast.earwig@yahoo.com>"
"Above, Orca (TECH) <above.orca@maastrichtuniversity.nl>"
"Simple, Lizard (TECH) <simple.lizard@gmail.com>"
"Finer, Poodle (HR) <finer.poodle@gmail.com>"
"Amused, Boa (HR) <amused.boa@maastrichtuniversity.nl>"
"Wired, Jackal (HR) <wired.jackal@gmail.com>"
"Live, Wahoo (FINANCE) <live.wahoo@hotmail.com>"
"Loyal, Lizard (HR) <loyal.lizard@maastrichtuniversity.nl>"
"Moving, Llama (HR) <moving.llama@hotmail.com>"
"Handy, Finch (TECH) <handy.finch@zuyd.nl>"
"Grown, Sloth (HR) <grown.sloth@yahoo.com>"
"Worthy, Hornet (TECH) <worthy.hornet@hotmail.com>"
"Joint, Mammal (HR) <joint.mammal@gmail.com>"
"Great, Drake (TECH) <great.drake@maastrichtuniversity.nl>"
"Rare, Sloth (TECH) <rare.sloth@maastrichtuniversity.nl>"
"Vital, Ibex (HR) <vital.ibex@hotmail.com>"
"Warm, Shrimp (MOONSHOTS) <warm.shrimp@hotmail.com>"
"Kind, Kodiak (FINANCE) <kind.kodiak@gmail.com>"
"Boss, Horse (HR) <boss.horse@gmail.com>"
"Up, Hermit (FINANCE) <up.hermit@gmail.com>"
"Just, Shiner (TECH) <just.shiner@hotmail.com>"
"Witty, Bengal (HR) <witty.bengal@gmail.com>"
"Ideal, Sheep (HR) <ideal.sheep@hotmail.com>"
"Polite, Sponge (HR) <polite.sponge@gmail.com>"
"Wise, Lark (MOONSHOTS) <wise.lark@gmail.com>"
"Usable, Moose (TECH) <usable.moose@zuyd.nl>"
"Fleet, Stork (TECH) <fleet.stork@zuyd.nl>"
"Giving, Marmot (HR) <giving.marmot@zuyd.nl>"
"Needed, Tapir (TECH) <needed.tapir@zuyd.nl>"
"Pure, Lizard (HR) <pure.lizard@zuyd.nl>"
"Daring, Spider (TECH) <daring.spider@gmail.com>"
"Sharp, Locust (HR) <sharp.locust@zuyd.nl>"
"Frank, Magpie (FINANCE) <frank.magpie@zuyd.nl>"
"Picked, Drum (HR) <picked.drum@maastrichtuniversity.nl>"
"Sacred, Oryx (HR) <sacred.oryx@maastrichtuniversity.nl>"
"Merry, Koi (TECH) <merry.koi@gmail.com>"
"Prompt, Fawn (FINANCE) <prompt.fawn@maastrichtuniversity.nl>"
"Brief, Oyster (TECH) <brief.oyster@hotmail.com>"
"Modern, Bat (TECH) <modern.bat@hotmail.com>"
"Lucky, Falcon (TECH) <lucky.falcon@gmail.com>"
"Game, Koala (TECH) <game.koala@gmail.com>"
"Humble, Jackal (TECH) <humble.jackal@hotmail.com>"
"Light, Crab (HR) <light.crab@gmail.com>"
"Rich, Caiman (FINANCE) <rich.caiman@hotmail.com>"
"Awake, Bedbug (TECH) <awake.bedbug@maastrichtuniversity.nl>"
"Wanted, Goose (FINANCE) <wanted.goose@gmail.com>"
"Amazed, Jaguar (HR) <amazed.jaguar@maastrichtuniversity.nl>"
"Divine, Rabbit (TECH) <divine.rabbit@maastrichtuniversity.nl>"
"Warm, Sponge (MOONSHOTS) <warm.sponge@hotmail.com>"
"Usable, Krill (HR) <usable.krill@maastrichtuniversity.nl>"
"Easy, Cougar (HR) <easy.cougar@hotmail.com>"
"Steady, Tick (HR) <steady.tick@gmail.com>"
"Set, Buck (HR) <set.buck@hotmail.com>"
"Fancy, Grub (TECH) <fancy.grub@gmail.com>"
"Awake, Alien (TECH) <awake.alien@hotmail.com>"
"Usable, Drum (HR) <usable.drum@gmail.com>"
"Top, Muskox (FINANCE) <top.muskox@gmail.com>"
"Daring, Ray (HR) <daring.ray@maastrichtuniversity.nl>"
"Loving, Weevil (TECH) <loving.weevil@hotmail.com>"
"Vital, Swine (HR) <vital.swine@zuyd.nl>"
"Fancy, Rat (HR) <fancy.rat@zuyd.nl>"
"Major, Gnat (TECH) <major.gnat@yahoo.com>"
"Funny, Rat (TECH) <funny.rat@hotmail.com>"
"Sought, Koi (TECH) <sought.koi@maastrichtuniversity.nl>"
"Causal, Rhino (HR) <causal.rhino@hotmail.com>"
"Sound, Satyr (HR) <sound.satyr@gmail.com>"
"Comic, Gull (HR) <comic.gull@maastrichtuniversity.nl>"
"Full, Sole (FINANCE) <full.sole@maastrichtuniversity.nl>"
"Saved, Duck (TECH) <saved.duck@gmail.com>"
"Able, Crab (HR) <able.crab@zuyd.nl>"
"Proven, Whale (HR) <proven.whale@gmail.com>"
"Ace, Tarpon (TECH) <ace.tarpon@maastrichtuniversity.nl>"
"Safe, Corgi (FINANCE) <safe.corgi@maastrichtuniversity.nl>"
"Fresh, Quail (TECH) <fresh.quail@gmail.com>"
"Fine, Cat (HR) <fine.cat@maastrichtuniversity.nl>"
"Bold, Lamb (TECH) <bold.lamb@gmail.com>"
"Tops, Gopher (TECH) <tops.gopher@maastrichtuniversity.nl>"
"Firm, Seal (TECH) <firm.seal@hotmail.com>"
"Simple, Hermit (TECH) <simple.hermit@hotmail.com>"
"Suited, Bee (TECH) <suited.bee@hotmail.com>"
"Great, Perch (FINANCE) <great.perch@gmail.com>"
"Cute, Earwig (TECH) <cute.earwig@maastrichtuniversity.nl>"
"Humane, Stork (TECH) <humane.stork@hotmail.com>"
"Civil, Bug (HR) <civil.bug@hotmail.com>"
"Eager, Donkey (FINANCE) <eager.donkey@yahoo.com>"
"Clean, Grouse (FINANCE) <clean.grouse@maastrichtuniversity.nl>"
"Brave, Locust (FINANCE) <brave.locust@yahoo.com>"
"Wired, Colt (HR) <wired.colt@gmail.com>"
"Equal, Ape (FINANCE) <equal.ape@zuyd.nl>"
"Simple, Macaw (HR) <simple.macaw@hotmail.com>"
"Easy, Duck (TECH) <easy.duck@maastrichtuniversity.nl>"
"Set, Bobcat (HR) <set.bobcat@gmail.com>"
"Ample, Snail (HR) <ample.snail@maastrichtuniversity.nl>"
"Super, Mutt (HR) <super.mutt@gmail.com>"
"Alert, Jennet (FINANCE) <alert.jennet@zuyd.nl>"
"Live, Dog (HR) <live.dog@gmail.com>"
"Divine, Shiner (FINANCE) <divine.shiner@hotmail.com>"
"Unique, Coyote (TECH) <unique.coyote@gmail.com>"
"Finer, Perch (HR) <finer.perch@gmail.com>"
"Merry, Burro (TECH) <merry.burro@hotmail.com>"
"Tender, Cow (TECH) <tender.cow@gmail.com>"
"Fine, Llama (TECH) <fine.llama@zuyd.nl>"
"Choice, Kid (HR) <choice.kid@hotmail.com>"
"Live, Hermit (FINANCE) <live.hermit@zuyd.nl>"
"Cool, Mako (TECH) <cool.mako@yahoo.com>"
"Simple, Troll (TECH) <simple.troll@hotmail.com>"
"Poetic, Weevil (HR) <poetic.weevil@yahoo.com>"
"Suited, Marlin (TECH) <suited.marlin@gmail.com>"
"Sharp, Ghoul (FINANCE) <sharp.ghoul@hotmail.com>"
"Meet, Filly (HR) <meet.filly@maastrichtuniversity.nl>"
"Bright, Bee (TECH) <bright.bee@hotmail.com>"
"Novel, Bedbug (MOONSHOTS) <novel.bedbug@zuyd.nl>"
"Daring, Teal (FINANCE) <daring.teal@hotmail.com>"
"Tight, Crab (HR) <tight.crab@gmail.com>"
"Grand, Yak (MOONSHOTS) <grand.yak@zuyd.nl>"
"Able, Pup (HR) <able.pup@gmail.com>"
"Witty, Bass (TECH) <witty.bass@hotmail.com>"
"Sharp, Koi (FINANCE) <sharp.koi@yahoo.com>"
"Proven, Roughy (FINANCE) <proven.roughy@maastrichtuniversity.nl>"
"Loyal, Boar (FINANCE) <loyal.boar@maastrichtuniversity.nl>"
"Ace, Cub (TECH) <ace.cub@hotmail.com>"
"On, Eel (FINANCE) <on.eel@maastrichtuniversity.nl>"
"Whole, Loon (HR) <whole.loon@gmail.com>"
"Sharp, Beagle (FINANCE) <sharp.beagle@maastrichtuniversity.nl>"
"Able, Thrush (TECH) <able.thrush@maastrichtuniversity.nl>"
"Ample, Boa (FINANCE) <ample.boa@gmail.com>"
"Close, Hound (TECH) <close.hound@yahoo.com>"
"Hip, Rhino (HR) <hip.rhino@maastrichtuniversity.nl>"
"Pet, Man (TECH) <pet.man@maastrichtuniversity.nl>"
"Living, Filly (TECH) <living.filly@hotmail.com>"
"Sacred, Crab (TECH) <sacred.crab@hotmail.com>"
"Unique, Weasel (HR) <unique.weasel@hotmail.com>"
"Valued, Turtle (TECH) <valued.turtle@maastrichtuniversity.nl>"
"Saving, Bear (TECH) <saving.bear@maastrichtuniversity.nl>"
"Brief, Cicada (HR) <brief.cicada@maastrichtuniversity.nl>"
"Just, Duck (HR) <just.duck@maastrichtuniversity.nl>"
"First, Dane (HR) <first.dane@maastrichtuniversity.nl>"
"Merry, Badger (HR) <merry.badger@gmail.com>"
"Caring, Coyote (TECH) <caring.coyote@gmail.com>"
"Brief, Racer (HR) <brief.racer@zuyd.nl>"
"Next, Macaw (HR) <next.macaw@yahoo.com>"
"Lucky, Hound (TECH) <lucky.hound@maastrichtuniversity.nl>"
"Fun, Ghost (HR) <fun.ghost@zuyd.nl>"
"Set, Ape (FINANCE) <set.ape@hotmail.com>"
"Equal, Bass (FINANCE) <equal.bass@hotmail.com>"
"Model, Cougar (TECH) <model.cougar@yahoo.com>"
"Guided, Krill (HR) <guided.krill@gmail.com>"
"Useful, Owl (HR) <useful.owl@yahoo.com>"
"Loyal, Gar (HR) <loyal.gar@gmail.com>"
"Cosmic, Puma (TECH) <cosmic.puma@maastrichtuniversity.nl>"
"Witty, Thrush (TECH) <witty.thrush@maastrichtuniversity.nl>"
"Cute, Jennet (HR) <cute.jennet@hotmail.com>"
"Prime, Crow (TECH) <prime.crow@zuyd.nl>"
"Loyal, Krill (FINANCE) <loyal.krill@maastrichtuniversity.nl>"
"Fresh, Leech (TECH) <fresh.leech@maastrichtuniversity.nl>"
"Meet, Bee (HR) <meet.bee@yahoo.com>"
"Whole, Marlin (HR) <whole.marlin@maastrichtuniversity.nl>"
"Proud, Amoeba (HR) <proud.amoeba@zuyd.nl>"
"Amused, Maggot (HR) <amused.maggot@gmail.com>"
"Moving, Fox (TECH) <moving.fox@maastrichtuniversity.nl>"
"Smart, Gecko (TECH) <smart.gecko@hotmail.com>"
"Simple, Yak (HR) <simple.yak@zuyd.nl>"
"Cool, Sheep (TECH) <cool.sheep@maastrichtuniversity.nl>"
"Fine, Bug (FINANCE) <fine.bug@gmail.com>"
"Simple, Swift (HR) <simple.swift@hotmail.com>"
"Nearby, Dog (HR) <nearby.dog@hotmail.com>"
"Mighty, Mole (TECH) <mighty.mole@maastrichtuniversity.nl>"
"Poetic, Cougar (FINANCE) <poetic.cougar@gmail.com>"
"In, Turtle (TECH) <in.turtle@maastrichtuniversity.nl>"
"Fine, Bengal (HR) <fine.bengal@yahoo.com>"
"Nearby, Marmot (TECH) <nearby.marmot@maastrichtuniversity.nl>"
"Worthy, Ghost (HR) <worthy.ghost@maastrichtuniversity.nl>"
"Proud, Gar (HR) <proud.gar@hotmail.com>"
"Equal, Bedbug (MOONSHOTS) <equal.bedbug@maastrichtuniversity.nl>"
"Fleet, Jennet (FINANCE) <fleet.jennet@yahoo.com>"
"Novel, Lynx (TECH) <novel.lynx@hotmail.com>"
"Expert, Mayfly (FINANCE) <expert.mayfly@gmail.com>"
"Tight, Yeti (TECH) <tight.yeti@maastrichtuniversity.nl>"
"Next, Glider (HR) <next.glider@hotmail.com>"
"Stable, Worm (TECH) <stable.worm@gmail.com>"
